country_code,country,updated_at,median_income_2020_usd,mean_income_2020_usd,gdp_ppp_usd,glassdoor_software_engineer_usd
lu,Luxembourg,2024-12-31T23:59:59+01:00,26321,31376,143342,77777
ie,Ireland,2024-12-31T23:59:59+01:00,14520,17938,127623,72221
no,Norway,2024-12-31T23:59:59+01:00,22684,25272,104460,68233
ch,Switzerland,2024-12-31T23:59:59+01:00,21490,25787,92980,131900
ae,United Arab Emirates,2024-12-31T23:59:59+01:00,24292,27107,83903,
us,United States,2024-12-31T23:59:59+01:00,19306,25332,81695,160899
nl,Netherlands,2024-12-31T23:59:59+01:00,17154,19690,78215,86888
is,Iceland,2024-12-31T23:59:59+01:00,17017,19300,77567,80868
dk,Denmark,2024-12-31T23:59:59+01:00,17432,20304,76688,89624
at,Austria,2024-12-31T23:59:59+01:00,18405,20718,73751,71110
be,Belgium,2024-12-31T23:59:59+01:00,16157,17917,70456,49892
se,Sweden,2024-12-31T23:59:59+01:00,17625,20193,70207,60137
de,Germany,2024-12-31T23:59:59+01:00,16845,19730,69338,83332
au,Australia,2024-12-31T23:59:59+01:00,17076,21329,69115,81659
fi,Finland,2024-12-31T23:59:59+01:00,16332,18742,65061,61906
mt,Malta,2024-12-31T23:59:59+01:00,14543,16509,62446,
ca,Canada,2024-12-31T23:59:59+01:00,18652,22042,61582,72110
fr,France,2024-12-31T23:59:59+01:00,16372,19409,61157,58888
gb,United Kingdom,2024-12-31T23:59:59+01:00,14793,18133,58906,69594
it,Italy,2024-12-31T23:59:59+01:00,13170,15547,58755,38888
cy,Cyprus,2024-12-31T23:59:59+01:00,13053,15663,57101,35971
gy,Guyana,2024-12-31T23:59:59+01:00,2003,2729,55263,
sk,Slovakia,2024-12-31T23:59:59+01:00,7991,8408,54948,31199
si,Slovenia,2024-12-31T23:59:59+01:00,11878,13056,54948,35559
kr,South Korea,2024-12-31T23:59:59+01:00,12507,14316,54033,
cz,Czech Republic,2024-12-31T23:59:59+01:00,10046,11394,53817,45396
il,Israel,2024-12-31T23:59:59+01:00,10866,13271,53434,
es,Spain,2024-12-31T23:59:59+01:00,11786,13822,52779,47777
lt,Lithuania,2024-12-31T23:59:59+01:00,8267,10479,51877,48999
jp,Japan,2024-12-31T23:59:59+01:00,14255,17095,50207,
pl,Poland,2024-12-31T23:59:59+01:00,8885,10155,49464,45931
ee,Estonia,2024-12-31T23:59:59+01:00,10651,12540,48992,53439
pt,Portugal,2024-12-31T23:59:59+01:00,8439,10316,48759,29066
ro,Romania,2024-12-31T23:59:59+01:00,5206,5949,47903,28232
hu,Hungary,2024-12-31T23:59:59+01:00,7684,8613,45942,30883
hr,Croatia,2024-12-31T23:59:59+01:00,7196,8008,45910,20416
tr,Turkey,2024-12-31T23:59:59+01:00,5251,7267,44151,23014
ru,Russia,2024-12-31T23:59:59+01:00,5504,7275,44104,32076
lv,Latvia,2024-12-31T23:59:59+01:00,7971,9727,42501,37172
gr,Greece,2024-12-31T23:59:59+01:00,6936,8131,41187,21333
pa,Panama,2024-12-31T23:59:59+01:00,6254,9453,39695,
kz,Kazakhstan,2024-12-31T23:59:59+01:00,3661,4313,39333,
bg,Bulgaria,2024-12-31T23:59:59+01:00,5696,7474,38690,31872
my,Malaysia,2024-12-31T23:59:59+01:00,7512,10200,37248,
uy,Uruguay,2024-12-31T23:59:59+01:00,7533,9888,34062,
cl,Chile,2024-12-31T23:59:59+01:00,6293,9304,33285,
sc,Seychelles,2024-12-31T23:59:59+01:00,5314,8044,32694,
tt,Trinidad and Tobago,2024-12-31T23:59:59+01:00,2868,3711,31572,
me,Montenegro,2024-12-31T23:59:59+01:00,4193,5123,31216,32106
by,Belarus,2024-12-31T23:59:59+01:00,6507,7359,30752,
mu,Mauritius,2024-12-31T23:59:59+01:00,3832,4969,29499,
ar,Argentina,2024-12-31T23:59:59+01:00,5319,6935,29363,
cr,Costa Rica,2024-12-31T23:59:59+01:00,5457,8440,27953,
rs,Serbia,2024-12-31T23:59:59+01:00,4416,5252,27402,28279
do,Dominican Republic,2024-12-31T23:59:59+01:00,4060,5873,25611,
mx,Mexico,2024-12-31T23:59:59+01:00,3315,4929,25602,
lc,Saint Lucia,2024-12-31T23:59:59+01:00,4519,6946,25129,
mk,North Macedonia,2024-12-31T23:59:59+01:00,3857,4279,24873,15988
mv,Maldives,2024-12-31T23:59:59+01:00,5409,6435,24809,
ge,Georgia,2024-12-31T23:59:59+01:00,2273,2814,24681,
cn,China,2024-12-31T23:59:59+01:00,2525,4246,24558,
az,Azerbaijan,2024-12-31T23:59:59+01:00,1393,3851,23686,
th,Thailand,2024-12-31T23:59:59+01:00,4356,5670,23423,
am,Armenia,2024-12-31T23:59:59+01:00,2216,2810,23055,
ba,Bosnia and Herzegovina,2024-12-31T23:59:59+01:00,5925,7131,22846,17445
ga,Gabon,2024-12-31T23:59:59+01:00,2779,3544,21947,
co,Colombia,2024-12-31T23:59:59+01:00,3259,5201,21548,
al,Albania,2024-12-31T23:59:59+01:00,2578,3141,21395,16984
sr,Suriname,2024-12-31T23:59:59+01:00,1659,2593,21047,
br,Brazil,2024-12-31T23:59:59+01:00,4559,7654,20584,
bw,Botswana,2024-12-31T23:59:59+01:00,1596,2907,19383,
eg,Egypt,2024-12-31T23:59:59+01:00,1485,1847,18817,
mn,Mongolia,2024-12-31T23:59:59+01:00,2800,3409,18108,
ua,Ukraine,2024-12-31T23:59:59+01:00,4434,5010,18008,40452
ir,Iran,2024-12-31T23:59:59+01:00,4360,5924,17922,
py,Paraguay,2024-12-31T23:59:59+01:00,4334,6373,17466,
md,Moldova,2024-12-31T23:59:59+01:00,3133,3590,17384,19908
tm,Turkmenistan,2024-12-31T23:59:59+01:00,706,963,17100,
dz,Algeria,2024-12-31T23:59:59+01:00,2612,2996,17027,
pe,Peru,2024-12-31T23:59:59+01:00,3678,4977,16717,
ec,Ecuador,2024-12-31T23:59:59+01:00,3525,5046,15870,
za,South Africa,2024-12-31T23:59:59+01:00,1624,4081,15847,
id,Indonesia,2024-12-31T23:59:59+01:00,4200,2510,15613,
vn,Vietnam,2024-12-31T23:59:59+01:00,3149,3881,15194,
fj,Fiji,2024-12-31T23:59:59+01:00,2460,3261,15047,
bt,Bhutan,2024-12-31T23:59:59+01:00,2446,3189,15022,
lk,Sri Lanka,2024-12-31T23:59:59+01:00,2277,3162,14455,
bz,Belize,2024-12-31T23:59:59+01:00,1927,3246,14195,
gt,Guatemala,2024-12-31T23:59:59+01:00,2036,3103,14067,
iq,Iraq,2024-12-31T23:59:59+01:00,1951,2293,13969,
tn,Tunisia,2024-12-31T23:59:59+01:00,3366,4076,13682,
lb,Lebanon,2024-12-31T23:59:59+01:00,7712,9091,12853,
na,Namibia,2024-12-31T23:59:59+01:00,1962,4023,12757,
sv,El Salvador,2024-12-31T23:59:59+01:00,3095,3989,12542,
sz,Eswatini,2024-12-31T23:59:59+01:00,1097,2091,11741,
jm,Jamaica,2024-12-31T23:59:59+01:00,2899,4429,11475,
ph,Philippines,2024-12-31T23:59:59+01:00,1581,2199,10756,
bo,Bolivia,2024-12-31T23:59:59+01:00,3631,4787,10727,
jo,Jordan,2024-12-31T23:59:59+01:00,3185,4025,10452,
in,India,2024-12-31T23:59:59+01:00,3900,1314,10176,
ma,Morocco,2024-12-31T23:59:59+01:00,2716,3721,9743,
uz,Uzbekistan,2024-12-31T23:59:59+01:00,591,752,9725,
la,Laos,2024-12-31T23:59:59+01:00,1065,1389,9326,
cv,Cape Verde,2024-12-31T23:59:59+01:00,2354,3326,9086,
bd,Bangladesh,2024-12-31T23:59:59+01:00,1131,1414,9066,
ni,Nicaragua,2024-12-31T23:59:59+01:00,2697,3913,8044,
ao,Angola,2024-12-31T23:59:59+01:00,665,1066,8041,
ci,Ivory Coast,2024-12-31T23:59:59+01:00,987,1358,7791,
gh,Ghana,2024-12-31T23:59:59+01:00,1779,2422,7466,
hn,Honduras,2024-12-31T23:59:59+01:00,1959,3109,7211,
dj,Djibouti,2024-12-31T23:59:59+01:00,1403,1869,7204,
kg,Kyrgyzstan,2024-12-31T23:59:59+01:00,1892,2235,7103,
to,Tonga,2024-12-31T23:59:59+01:00,2782,3677,7016,
mr,Mauritania,2024-12-31T23:59:59+01:00,1760,2094,6934,
cg,Republic of the Congo,2024-12-31T23:59:59+01:00,892,1375,6933,
ws,Samoa,2024-12-31T23:59:59+01:00,2537,3418,6681,
ke,Kenya,2024-12-31T23:59:59+01:00,874,1197,6324,
ng,Nigeria,2024-12-31T23:59:59+01:00,825,1021,6318,
pk,Pakistan,2024-12-31T23:59:59+01:00,1399,1797,6212,
st,Sao Tome and Principe,2024-12-31T23:59:59+01:00,901,1620,6064,
mm,Myanmar,2024-12-31T23:59:59+01:00,1909,2296,5905,
ps,Palestine,2024-12-31T23:59:59+01:00,3275,3964,5888,
tv,Tuvalu,2024-12-31T23:59:59+01:00,2099,2802,5764,
cm,Cameroon,2024-12-31T23:59:59+01:00,1245,1841,5380,
np,Nepal,2024-12-31T23:59:59+01:00,1155,1428,5182,
tl,Timor Leste,2024-12-31T23:59:59+01:00,970,1147,5109,
tj,Tajikistan,2024-12-31T23:59:59+01:00,1994,2437,5082,
sn,Senegal,2024-12-31T23:59:59+01:00,844,1137,4833,
pg,Papua New Guinea,2024-12-31T23:59:59+01:00,876,1162,4607,
gn,Guinea,2024-12-31T23:59:59+01:00,843,1036,4429,
bj,Benin,2024-12-31T23:59:59+01:00,699,989,4248,
fm,Micronesia,2024-12-31T23:59:59+01:00,1413,1858,4217,
zm,Zambia,2024-12-31T23:59:59+01:00,545,1045,4126,
tz,Tanzania,2024-12-31T23:59:59+01:00,702,992,3973,
zw,Zimbabwe,2024-12-31T23:59:59+01:00,932,1429,3900,
km,Comoros,2024-12-31T23:59:59+01:00,1401,2050,3855,
ki,Kiribati,2024-12-31T23:59:59+01:00,1489,1858,3522,
rw,Rwanda,2024-12-31T23:59:59+01:00,621,925,3361,
vu,Vanuatu,2024-12-31T23:59:59+01:00,1379,1781,3315,
ht,Haiti,2024-12-31T23:59:59+01:00,1162,1540,3256,
gm,Gambia,2024-12-31T23:59:59+01:00,1383,1784,3163,
tg,Togo,2024-12-31T23:59:59+01:00,683,964,3155,
sd,Sudan,2024-12-31T23:59:59+01:00,1277,1592,3137,
et,Ethiopia,2024-12-31T23:59:59+01:00,907,1107,3109,
ug,Uganda,2024-12-31T23:59:59+01:00,804,1166,3098,
sb,Solomon Islands,2024-12-31T23:59:59+01:00,1028,1333,3035,
sy,Syria,2024-12-31T23:59:59+01:00,1996,2606,2915,
ls,Lesotho,2024-12-31T23:59:59+01:00,1157,1659,2794,
bf,Burkina Faso,2024-12-31T23:59:59+01:00,748,1002,2727,
ml,Mali,2024-12-31T23:59:59+01:00,689,861,2726,
gw,Guinea Bissau,2024-12-31T23:59:59+01:00,486,797,2630,
td,Chad,2024-12-31T23:59:59+01:00,880,1182,1969,
mg,Madagascar,2024-12-31T23:59:59+01:00,398,567,1875,
mw,Malawi,2024-12-31T23:59:59+01:00,484,733,1868,
sl,Sierra Leone,2024-12-31T23:59:59+01:00,765,1004,1847,
lr,Liberia,2024-12-31T23:59:59+01:00,753,945,1819,
ne,Niger,2024-12-31T23:59:59+01:00,738,937,1817,
cd,DR Congo,2024-12-31T23:59:59+01:00,395,548,1671,
mz,Mozambique,2024-12-31T23:59:59+01:00,529,947,1657,
ss,South Sudan,2024-12-31T23:59:59+01:00,793,1121,1146,
cf,Central African Republic,2024-12-31T23:59:59+01:00,491,891,1130,
bi,Burundi,2024-12-31T23:59:59+01:00,475,640,951,
ye,Yemen,2024-12-31T23:59:59+01:00,1150,1503,2095,
ve,Venezuela,2024-12-31T23:59:59+01:00,2710,3741,5990,
tw,Taiwan,2024-12-31T23:59:59+01:00,13605,16355,68730,
sa,Saudi Arabia,2024-12-31T23:59:59+01:00,12851,16423,54992,
om,Oman,2024-12-31T23:59:59+01:00,11853,14878,46000,
nz,New Zealand,2024-12-31T23:59:59+01:00,22890,28612,48777,
qa,Qatar,2024-12-31T23:59:59+01:00,16350,20437,115000,
ad,Andorra,2024-12-31T23:59:59+01:00,20437,24525,68612,
hk,Hong Kong,2024-12-31T23:59:59+01:00,17985,22890,75128,
sg,Singapore,2024-12-31T23:59:59+01:00,24525,32700,84734,
kw,Kuwait,2024-12-31T23:59:59+01:00,14715,17985,49736,
pr,Puerto Rico,2024-12-31T23:59:59+01:00,13080,16350,49594,
je,Jersey,2024-12-31T23:59:59+01:00,21255,26160,56600,
